ncbi,image_url,file_url,artist,license,license_url
Actinopterygii,https://upload.wikimedia.org/wikipedia/commons/thumb/1/10/Actinopterygii.jpg/500px-Actinopterygii.jpg,https://commons.wikimedia.org/wiki/File:Actinopterygii.jpg,"Stevenj, NOAA Photo Library, and others",CC BY-SA 4.0,https://creativecommons.org/licenses/by-sa/4.0
Aves,https://upload.wikimedia.org/wikipedia/commons/thumb/3/3e/Kleiber_Flug.jpg/500px-Kleiber_Flug.jpg,https://commons.wikimedia.org/wiki/File:Kleiber_Flug.jpg,C. Robiller / naturlichter.de,CC BY-SA 3.0,https://creativecommons.org/licenses/by-sa/3.0
Testudines,https://upload.wikimedia.org/wikipedia/commons/thumb/2/21/Turtle_diversity.jpg/500px-Turtle_diversity.jpg,https://commons.wikimedia.org/wiki/File:Turtle_diversity.jpg,Various authors,CC BY-SA 4.0,https://creativecommons.org/licenses/by-sa/4.0
Mammalia,https://upload.wikimedia.org/wikipedia/commons/thumb/8/81/Mammal_collage.png/500px-Mammal_collage.png,https://commons.wikimedia.org/wiki/File:Mammal_collage.png,ZKevinTheCat,CC BY 4.0,https://creativecommons.org/licenses/by/4.0
Lepidosauria,https://upload.wikimedia.org/wikipedia/commons/thumb/8/8c/Lepidosauria_Diversity.jpg/500px-Lepidosauria_Diversity.jpg,https://commons.wikimedia.org/wiki/File:Lepidosauria_Diversity.jpg,"Sid Mosdell, safaritravelplus, Kylez315, LiquidGhoul, and Patricia Guillory",CC BY 2.0,https://creativecommons.org/licenses/by/2.0
Asteroidea,https://upload.wikimedia.org/wikipedia/commons/thumb/c/c7/Starfish_montage.png/500px-Starfish_montage.png,https://commons.wikimedia.org/wiki/File:Starfish_montage.png,"Klaus Rassinger, Katie Ahlfeld, Jon Zander, and Espen Rekdal",CC BY-SA 4.0,https://creativecommons.org/licenses/by-sa/4.0
Diptera,https://upload.wikimedia.org/wikipedia/commons/thumb/e/ea/Bessenbandzweefvlieg_Vrouwtje_%282%29.JPG/500px-Bessenbandzweefvlieg_Vrouwtje_%282%29.JPG,https://commons.wikimedia.org/wiki/File:Bessenbandzweefvlieg_Vrouwtje_(2).JPG,Sjonnoh,Public domain,
Copepoda,https://upload.wikimedia.org/wikipedia/commons/thumb/e/e0/%D0%92%D0%B5%D1%81%D0%BB%D0%BE%D0%BD%D0%BE%D0%B3%D0%B8%D0%B5_%D1%80%D0%B0%D0%BA%D0%BE%D0%BE%D0%B1%D1%80%D0%B0%D0%B7%D0%BD%D1%8B%D0%B5_%D1%80%D0%B0%D0%B7%D0%BD%D1%8B%D1%85_%D0%B2%D0%B8%D0%B4%D0%BE%D0%B2.jpg/500px-%D0%92%D0%B5%D1%81%D0%BB%D0%BE%D0%BD%D0%BE%D0%B3%D0%B8%D0%B5_%D1%80%D0%B0%D0%BA%D0%BE%D0%BE%D0%B1%D1%80%D0%B0%D0%B7%D0%BD%D1%8B%D0%B5_%D1%80%D0%B0%D0%B7%D0%BD%D1%8B%D1%85_%D0%B2%D0%B8%D0%B4%D0%BE%D0%B2.jpg,https://commons.wikimedia.org/wiki/File:%D0%92%D0%B5%D1%81%D0%BB%D0%BE%D0%BD%D0%BE%D0%B3%D0%B8%D0%B5_%D1%80%D0%B0%D0%BA%D0%BE%D0%BE%D0%B1%D1%80%D0%B0%D0%B7%D0%BD%D1%8B%D0%B5_%D1%80%D0%B0%D0%B7%D0%BD%D1%8B%D1%85_%D0%B2%D0%B8%D0%B4%D0%BE%D0%B2.jpg,Andrei Savitsky,CC BY-SA 4.0,https://creativecommons.org/licenses/by-sa/4.0
Octocorallia,https://upload.wikimedia.org/wikipedia/commons/6/69/Pink_soft_coral_Nick_Hobgood.jpg,https://commons.wikimedia.org/wiki/File:Pink_soft_coral_Nick_Hobgood.jpg,Nick Hobgood,CC BY-SA 3.0,https://creativecommons.org/licenses/by-sa/3.0
Hexacorallia,https://upload.wikimedia.org/wikipedia/commons/thumb/d/d7/Acropora_latistella_%28Table_coral%29.jpg/500px-Acropora_latistella_%28Table_coral%29.jpg,https://commons.wikimedia.org/wiki/File:Acropora_latistella_(Table_coral).jpg,Nick Hobgood,CC BY-SA 3.0,https://creativecommons.org/licenses/by-sa/3.0
Ctenophora,https://upload.wikimedia.org/wikipedia/commons/thumb/a/a8/Comb_jelly.jpg/500px-Comb_jelly.jpg,https://commons.wikimedia.org/wiki/File:Comb_jelly.jpg,Orin Zebest,CC BY 2.0,https://creativecommons.org/licenses/by/2.0
Annelida,https://upload.wikimedia.org/wikipedia/commons/thumb/d/d1/Annelida_collage_%282%29.png/500px-Annelida_collage_%282%29.png,https://commons.wikimedia.org/wiki/File:Annelida_collage_(2).png,OJJ,CC0,http://creativecommons.org/publicdomain/zero/1.0/deed.en
Ascidiacea,https://upload.wikimedia.org/wikipedia/commons/thumb/f/fe/Cionaintestinalis.jpg/500px-Cionaintestinalis.jpg,https://commons.wikimedia.org/wiki/File:Cionaintestinalis.jpg,perezoso,CC BY-SA 3.0,http://creativecommons.org/licenses/by-sa/3.0/
Bivalvia,https://upload.wikimedia.org/wikipedia/commons/thumb/3/31/Haeckel_Acephala.jpg/500px-Haeckel_Acephala.jpg,https://commons.wikimedia.org/wiki/File:Haeckel_Acephala.jpg,Ernst Haeckel,Public domain,
Bryozoa,https://upload.wikimedia.org/wikipedia/commons/thumb/3/33/Haeckel_Bryozoa.jpg/500px-Haeckel_Bryozoa.jpg,https://commons.wikimedia.org/wiki/File:Haeckel_Bryozoa.jpg,Ernst Haeckel,Public domain,
Crinoidea,https://upload.wikimedia.org/wikipedia/commons/thumb/d/d2/Crinoid_on_the_reef_of_Batu_Moncho_Island.JPG/500px-Crinoid_on_the_reef_of_Batu_Moncho_Island.JPG,https://commons.wikimedia.org/wiki/File:Crinoid_on_the_reef_of_Batu_Moncho_Island.JPG,Alexander Vasenin,CC BY-SA 3.0,https://creativecommons.org/licenses/by-sa/3.0
Demospongiae,https://upload.wikimedia.org/wikipedia/commons/thumb/8/85/Sponges_in_Caribbean_Sea%2C_Cayman_Islands.jpg/500px-Sponges_in_Caribbean_Sea%2C_Cayman_Islands.jpg,"https://commons.wikimedia.org/wiki/File:Sponges_in_Caribbean_Sea,_Cayman_Islands.jpg","Twilight Zone Expedition Team 2007, NOAA-OE",Public domain,
Echinoidea,https://upload.wikimedia.org/wikipedia/commons/thumb/9/9b/Tripneustes_ventricosus_%28West_Indian_Sea_Egg-top%29_and_Echinometra_viridis_%28Reef_Urchin_-_bottom%29.jpg/500px-Tripneustes_ventricosus_%28West_Indian_Sea_Egg-top%29_and_Echinometra_viridis_%28Reef_Urchin_-_bottom%29.jpg,https://commons.wikimedia.org/wiki/File:Tripneustes_ventricosus_(West_Indian_Sea_Egg-top)_and_Echinometra_viridis_(Reef_Urchin_-_bottom).jpg,Nick Hobgood,CC BY-SA 3.0,https://creativecommons.org/licenses/by-sa/3.0
Gastropoda,https://upload.wikimedia.org/wikipedia/commons/thumb/5/5e/Gastropod_collage.jpg/500px-Gastropod_collage.jpg,https://commons.wikimedia.org/wiki/File:Gastropod_collage.jpg,Various authors,Public domain,
Holothuroidea,https://upload.wikimedia.org/wikipedia/commons/thumb/1/14/Holothuroidea_orders_collage.png/500px-Holothuroidea_orders_collage.png,https://commons.wikimedia.org/wiki/File:Holothuroidea_orders_collage.png,Diego Delso,CC BY-SA 4.0,https://creativecommons.org/licenses/by-sa/4.0
Homoscleromorpha,https://upload.wikimedia.org/wikipedia/commons/thumb/5/50/Oscarella_lobularis_%28Schmidt%2C_1862%29.jpg/500px-Oscarella_lobularis_%28Schmidt%2C_1862%29.jpg,"https://commons.wikimedia.org/wiki/File:Oscarella_lobularis_(Schmidt,_1862).jpg",Géry Parent,Public domain,
Malacostraca,https://upload.wikimedia.org/wikipedia/commons/thumb/d/d2/Malacostraca_collage_2x3.png/500px-Malacostraca_collage_2x3.png,https://commons.wikimedia.org/wiki/File:Malacostraca_collage_2x3.png,Various authors,CC BY-SA 4.0,https://creativecommons.org/licenses/by-sa/4.0
Hydrozoa,https://upload.wikimedia.org/wikipedia/commons/thumb/c/cb/Haeckel_Siphonophorae_7.jpg/500px-Haeckel_Siphonophorae_7.jpg,https://commons.wikimedia.org/wiki/File:Haeckel_Siphonophorae_7.jpg,Ernst Haeckel,Public domain,
Scyphozoa,https://upload.wikimedia.org/wikipedia/commons/thumb/8/88/Cauliflour_Jellyfish%2C_Cephea_cephea_at_Marsa_Shouna%2C_Red_Sea%2C_Egypt_SCUBA.jpg/500px-Cauliflour_Jellyfish%2C_Cephea_cephea_at_Marsa_Shouna%2C_Red_Sea%2C_Egypt_SCUBA.jpg,"https://commons.wikimedia.org/wiki/File:Cauliflour_Jellyfish,_Cephea_cephea_at_Marsa_Shouna,_Red_Sea,_Egypt_SCUBA.jpg",Derek Keats,CC BY-SA 2.0,https://creativecommons.org/licenses/by-sa/2.0
Nemertea,https://upload.wikimedia.org/wikipedia/commons/thumb/c/c7/Nemertea_by_Joubin.jpg/500px-Nemertea_by_Joubin.jpg,https://commons.wikimedia.org/wiki/File:Nemertea_by_Joubin.jpg,Louis Joubin,Public domain,
Ophiuroidea,https://upload.wikimedia.org/wikipedia/commons/thumb/c/cc/Ophiura_ophiura.jpg/500px-Ophiura_ophiura.jpg,https://commons.wikimedia.org/wiki/File:Ophiura_ophiura.jpg,Hans Hillewaert,CC BY-SA 4.0,https://creativecommons.org/licenses/by-sa/4.0
Platyhelminthes,https://upload.wikimedia.org/wikipedia/commons/thumb/f/fc/Platyhelminthes_diversity.jpg/500px-Platyhelminthes_diversity.jpg,https://commons.wikimedia.org/wiki/File:Platyhelminthes_diversity.jpg,OJJ,CC BY-SA 4.0,https://creativecommons.org/licenses/by-sa/4.0
Polychaeta,https://upload.wikimedia.org/wikipedia/commons/thumb/d/d0/Libr0409.jpg/500px-Libr0409.jpg,https://commons.wikimedia.org/wiki/File:Libr0409.jpg,NOAA Photo Library,Public domain,
Pycnogonida,https://upload.wikimedia.org/wikipedia/commons/thumb/e/e9/Pycnogonida_collage.png/500px-Pycnogonida_collage.png,https://commons.wikimedia.org/wiki/File:Pycnogonida_collage.png,Romain Sabroux and others,CC BY-SA 4.0,https://creativecommons.org/licenses/by-sa/4.0
Sipuncula,https://upload.wikimedia.org/wikipedia/commons/thumb/c/c9/Thysanocardia_nigra.jpg/500px-Thysanocardia_nigra.jpg,https://commons.wikimedia.org/wiki/File:Thysanocardia_nigra.jpg,EcologyWA,CC0,http://creativecommons.org/publicdomain/zero/1.0/deed.en
Thaliacea,https://upload.wikimedia.org/wikipedia/commons/thumb/7/7f/Pyrosoma_atlanticum.JPG/500px-Pyrosoma_atlanticum.JPG,https://commons.wikimedia.org/wiki/File:Pyrosoma_atlanticum.JPG,Show_ryu,CC BY-SA 3.0,https://creativecommons.org/licenses/by-sa/3.0
Thecostraca,https://upload.wikimedia.org/wikipedia/commons/thumb/1/1e/Seepocke_fg1.jpg/500px-Seepocke_fg1.jpg,https://commons.wikimedia.org/wiki/File:Seepocke_fg1.jpg,Fritz Geller-Grimm,CC BY-SA 2.5,https://creativecommons.org/licenses/by-sa/2.5
